profile_total,sigma,run_idx,t_enc_plus_dataenc_ms,t_tx1_ms,t_tx2_ms,t_dec_plus_datadec_ms,sat_avg_cpu_by_quota_pct,sat_max_rss_mb
20000,0.01,1,64.17694,563.849117,481.927881,20.529176,61.78,46.0
20000,0.01,2,68.136606,548.931828,473.823429,6.050651,56.05,49.5
20000,0.01,3,56.789542,544.145592,469.420857,23.198897000000002,63.03,47.0
20000,0.01,4,52.91035600000001,552.944555,470.318085,7.6964879999999996,63.34,46.5
20000,0.01,5,42.240899,555.780693,450.993349,6.229922999999999,60.82,46.5
20000,0.01,6,45.079099,532.868132,465.753738,6.368307,61.29,46.5
20000,0.01,7,58.652632,568.388034,448.741956,9.928073,63.55,42.94
20000,0.01,8,53.016113000000004,553.579303,452.179723,14.006511999999999,63.19,46.5
20000,0.01,9,63.346789,560.888094,448.00485,6.74066,49.78,47.5
20000,0.01,10,66.741989,569.411651,483.207068,21.565053,62.09,43.72
20000,0.49,1,1888.9143349999997,929.591074,1189.147148,20.052307,73.93,612.34
20000,0.49,2,1593.7566680000002,924.212367,1208.791119,13.417855999999999,75.92,627.01
20000,0.49,3,1531.823373,932.622624,1217.007819,12.986312,75.03,618.5
20000,0.49,4,1533.5151079999998,914.941705,1237.530215,23.624738,74.8,631.47
20000,0.49,5,1849.554923,937.377558,1169.457191,12.737069000000002,73.39,634.83
20000,0.49,6,1522.057169,933.726453,1256.5162320000002,26.281636,76.31,603.45
20000,0.49,7,1744.165845,927.70554,1158.986674,12.342323,76.24,624.34
20000,0.49,8,1743.2528829999999,950.105263,1252.663671,14.315247,75.52,615.22
20000,0.49,9,1593.3533069999999,920.343927,1367.2498289999999,12.831151,75.94,609.5
20000,0.49,10,1579.157558,1007.3907989999999,1171.575735,22.381889,74.67,610.5
30000,0.01,1,76.21104500000001,577.132607,630.096746,11.642126,64.5,52.0
30000,0.01,2,69.659901,579.469295,478.886833,11.806596,63.21,53.5
30000,0.01,3,89.216335,580.679014,465.849475,33.221946,64.75,50.0
30000,0.01,4,73.09952200000001,557.432178,486.553661,16.523803,63.74,50.0
30000,0.01,5,80.938368,553.603646,486.616957,19.995974,65.59,52.5
30000,0.01,6,86.485546,568.180525,488.103984,34.665384,57.2,54.0
30000,0.01,7,66.231814,556.597415,495.248621,13.872008000000001,64.76,49.5
30000,0.01,8,69.196463,558.638284,477.720128,10.898262,64.66,48.5
30000,0.01,9,68.431741,579.932044,472.652773,20.609395,65.41,51.0
30000,0.01,10,65.614688,564.830546,488.958483,25.318602000000002,65.52,50.0
30000,0.49,1,2297.3235,1158.235991,1689.5998619999998,13.666888,76.13,1008.0
30000,0.49,2,2294.447713,1109.388662,1682.557732,13.20686,76.6,1006.83
30000,0.49,3,2515.4298249999997,1128.9365870000001,1932.648551,15.122727000000001,77.29,1031.33
30000,0.49,4,2317.316341,1151.3936860000001,1600.195692,13.998003,76.23,998.96
30000,0.49,5,2514.53757,1226.772225,1615.491092,14.286907,75.47,1018.5
30000,0.49,6,2402.3512410000003,1109.390871,1631.0061600000001,17.178121,75.7,1022.5
30000,0.49,7,2673.897814,1091.648093,1539.0721899999999,15.65606,75.54,1028.0
30000,0.49,8,2757.089725,1082.2357840000002,1569.191824,13.816145,75.27,1032.99
30000,0.49,9,2789.621763,1151.287011,1486.778418,18.026806,75.76,907.97
30000,0.49,10,2610.6328909999997,1092.5967480000002,1535.683508,14.735226,76.79,1025.0
40000,0.01,1,115.908974,578.328105,485.273141,29.810391,66.33,63.0
40000,0.01,2,87.97846700000001,571.067054,503.594253,6.564951,68.05,60.0
40000,0.01,3,109.66193,573.314998,506.032481,12.595323,62.17,64.0
40000,0.01,4,92.951484,579.325044,478.945184,15.031013,65.27,57.5
40000,0.01,5,84.191182,565.677911,493.86234,21.155844,66.76,60.5
40000,0.01,6,92.257266,564.530448,494.656316,11.78492,64.52,62.0
40000,0.01,7,87.129746,561.631483,513.086604,11.316627,67.38,64.0
40000,0.01,8,97.459766,560.646661,481.221972,32.755202999999995,68.63,64.0
40000,0.01,9,105.583325,560.893923,483.295459,32.931794000000004,67.67,58.5
40000,0.01,10,92.060857,574.827283,534.828326,11.377986,66.09,65.5
40000,0.49,1,3058.8544460000003,1372.938625,1885.490669,10.336218,75.83,1370.79
40000,0.49,2,3247.168197,1341.239875,2002.586531,14.103542000000001,76.12,1240.3
40000,0.49,3,3352.875943,1316.455071,2115.445788,11.163809,74.98,1256.38
40000,0.49,4,3140.636127,1265.380433,2395.640813,17.483821,75.9,1251.32
40000,0.49,5,3706.437511,1313.7657359999998,2075.921294,9.692337,76.97,1130.0
40000,0.49,6,3313.1120680000004,1267.555721,2048.1667820000002,10.926120000000001,74.94,1329.9
40000,0.49,7,3325.0139160000003,1299.9877589999999,2032.986552,10.170387999999999,74.77,1249.99
40000,0.49,8,3178.4953809999997,1325.4536400000002,1969.23432,11.172929,77.26,1245.38
40000,0.49,9,3311.350566,1272.9827890000001,2065.992533,9.576361,75.83,1246.5
40000,0.49,10,3514.986992,1293.062484,1879.505741,10.311173,74.2,1239.45
50000,0.01,1,94.537048,584.392183,528.71393,13.130906,68.66,65.47
50000,0.01,2,118.08233200000001,588.803737,786.624999,5.960470000000001,69.78,64.8
50000,0.01,3,119.208479,577.43915,855.244526,14.450825,67.35,69.66
50000,0.01,4,123.10253,594.296928,497.398541,5.5878559999999995,66.86,69.0
50000,0.01,5,90.636594,602.622715,528.676573,18.003075,68.99,74.0
50000,0.01,6,157.43472300000002,577.761729,528.821645,19.596074,66.34,68.5
50000,0.01,7,94.632837,599.354034,538.613806,7.8704540000000005,68.9,58.81
50000,0.01,8,112.924221,581.727163,501.053061,9.422803,69.38,66.65
50000,0.01,9,111.707994,602.725349,514.344093,12.454279999999999,69.18,66.73
50000,0.01,10,107.52707000000001,582.172303,517.533782,16.842306,68.55,75.5
50000,0.49,1,4042.160643,1453.8315,2688.186603,13.221374,75.34,1495.58
50000,0.49,2,4049.0881019999997,1443.085438,2422.7022960000004,12.705184,75.19,1475.39
50000,0.49,3,4376.761053,1447.171464,2551.482451,19.530467,75.61,1505.45
50000,0.49,4,4203.272379999999,1464.572716,2454.243864,11.764542,74.37,1520.8
50000,0.49,5,3910.998948,1450.8992389999999,2368.526107,9.627783,75.48,1482.72
50000,0.49,6,4118.664846000001,1427.466339,2301.056966,10.789926,76.29,1539.87
50000,0.49,7,4524.750864,1468.2734289999999,2341.3019099999997,14.274767,71.68,1435.47
50000,0.49,8,3857.0702280000005,1471.465301,2497.052819,27.643643,77.02,1713.43
50000,0.49,9,4141.482711,1475.038175,2427.493089,11.046439,75.33,1491.23
50000,0.49,10,4233.057366,1453.432858,2581.06179,14.982379,73.33,1467.5
60000,0.01,1,123.022645,580.781684,511.854736,5.644181,69.55,69.73
60000,0.01,2,133.675514,580.898901,542.954082,21.226972999999997,69.55,68.0
60000,0.01,3,127.944953,574.509127,506.861159,16.040704,69.85,65.54
60000,0.01,4,126.977701,595.595234,506.305809,15.486773999999999,70.4,68.59
60000,0.01,5,131.65004000000002,604.531414,761.127766,9.620837,70.0,61.82
60000,0.01,6,121.504074,613.831833,529.962016,6.620537000000001,68.3,67.62
60000,0.01,7,133.139049,599.248265,721.921978,17.404812,69.77,61.0
60000,0.01,8,122.74419499999999,581.303193,537.672966,14.798604,70.13,69.0
60000,0.01,9,137.130222,582.358504,494.678,28.599087,69.35,71.0
60000,0.01,10,191.800568,583.56996,529.879212,13.138112,55.46,58.94
60000,0.49,1,4420.791064,1610.736516,2835.7034510000003,15.300605000000001,75.72,1674.32
60000,0.49,2,4911.642473999999,1582.42104,2802.3624449999998,21.164902,76.72,1605.06
60000,0.49,3,4841.617317,1625.286172,2758.245644,16.027892,74.09,1656.61
60000,0.49,4,4593.083937,1628.392044,2592.027572,21.102345,74.58,1665.13
60000,0.49,5,4809.36473,1577.377776,2726.565682,12.435315,74.13,1657.59
60000,0.49,6,4813.47725,1576.76025,2645.717079,19.04053,74.63,1655.88
60000,0.49,7,4500.088629,1571.6239620000001,3045.7656349999997,10.670494,75.4,1618.07
60000,0.49,8,4669.847869,1561.368329,3124.862252,19.411907,75.52,1653.79
60000,0.49,9,4594.909347000001,1569.999955,2814.475521,10.854201,75.96,1861.7
60000,0.49,10,4448.671451,1595.53352,2730.822944,13.24251,75.93,1661.61
